{
    "user": {
        "name": "",
        "email": "",
        "created_at": "",
        "last_updated": "2025-12-04 13:59:46"
    },
    "tasks": [
        {
            "id": "1a-q1",
            "count": 1,
            "checked": false
        },
        {
            "id": "1a-q2",
            "count": 0,
            "checked": false
        },
        {
            "id": "1a-q3",
            "count": 0,
            "checked": false
        },
        {
            "id": "1a-q4",
            "count": 0,
            "checked": false
        },
        {
            "id": "1b",
            "count": 0,
            "checked": false
        },
        {
            "id": "1c",
            "count": 0,
            "checked": false
        },
        {
            "id": "1d",
            "count": 0,
            "checked": false
        },
        {
            "id": "1e",
            "count": 0,
            "checked": false
        },
        {
            "id": "2a",
            "count": 3,
            "checked": false
        },
        {
            "id": "2b",
            "count": 1,
            "checked": false
        },
        {
            "id": "2c",
            "count": 2,
            "checked": false
        },
        {
            "id": "3a",
            "count": 0,
            "checked": false
        },
        {
            "id": "3b",
            "count": 0,
            "checked": false
        },
        {
            "id": "3c",
            "count": 0,
            "checked": false
        },
        {
            "id": "3d",
            "count": 0,
            "checked": false
        },
        {
            "id": "3e",
            "count": 0,
            "checked": false
        },
        {
            "id": "3f",
            "count": 0,
            "checked": false
        },
        {
            "id": "3g",
            "count": 0,
            "checked": false
        },
        {
            "id": "3h",
            "count": 0,
            "checked": false
        },
        {
            "id": "3i",
            "count": 0,
            "checked": false
        },
        {
            "id": "3j",
            "count": 0,
            "checked": false
        },
        {
            "id": "4a",
            "count": 0,
            "checked": false
        },
        {
            "id": "4b",
            "count": 0,
            "checked": false
        },
        {
            "id": "4c",
            "count": 0,
            "checked": false
        },
        {
            "id": "4d",
            "count": 0,
            "checked": false
        },
        {
            "id": "5a",
            "count": 0,
            "checked": false
        },
        {
            "id": "5b",
            "count": 0,
            "checked": false
        },
        {
            "id": "5c",
            "count": 0,
            "checked": false
        },
        {
            "id": "5d",
            "count": 0,
            "checked": false
        },
        {
            "id": "6a",
            "count": 0,
            "checked": false
        },
        {
            "id": "6b",
            "count": 0,
            "checked": false
        },
        {
            "id": "7a-koordinator",
            "count": 0,
            "checked": false
        },
        {
            "id": "7a-arastirmaci",
            "count": 0,
            "checked": false
        },
        {
            "id": "7a-danismani",
            "count": 0,
            "checked": false
        },
        {
            "id": "7b",
            "count": 0,
            "checked": false
        },
        {
            "id": "7c",
            "count": 0,
            "checked": false
        },
        {
            "id": "7d",
            "count": 0,
            "checked": false
        },
        {
            "id": "8a",
            "count": 0,
            "checked": false
        },
        {
            "id": "8b",
            "count": 0,
            "checked": false
        },
        {
            "id": "9a",
            "count": 0,
            "checked": false
        },
        {
            "id": "9b",
            "count": 0,
            "checked": false
        },
        {
            "id": "10a",
            "count": 0,
            "checked": false
        },
        {
            "id": "10b",
            "count": 0,
            "checked": false
        },
        {
            "id": "10c",
            "count": 0,
            "checked": false
        },
        {
            "id": "10d",
            "count": 0,
            "checked": false
        },
        {
            "id": "11a",
            "count": 0,
            "checked": false
        },
        {
            "id": "11b",
            "count": 0,
            "checked": false
        },
        {
            "id": "11c",
            "count": 0,
            "checked": false
        },
        {
            "id": "11d",
            "count": 0,
            "checked": false
        },
        {
            "id": "11e",
            "count": 0,
            "checked": false
        },
        {
            "id": "11f",
            "count": 0,
            "checked": false
        },
        {
            "id": "12a",
            "count": 0,
            "checked": false
        },
        {
            "id": "12b",
            "count": 0,
            "checked": false
        },
        {
            "id": "12c",
            "count": 0,
            "checked": false
        },
        {
            "id": "13a",
            "count": 0,
            "checked": false
        },
        {
            "id": "13b",
            "count": 0,
            "checked": false
        }
    ],
    "achievements": [
        "first-step",
        "quarter",
        "halfway"
    ],
    "total_points": 68,
    "post_doc_points": 68
}