{
    "user": {
        "name": "",
        "email": "",
        "created_at": "2025-12-04 19:47:13",
        "last_updated": "2025-12-04 20:44:41"
    },
    "tasks": [
        {
            "id": "1a-q1",
            "count": 0,
            "checked": false,
            "publications": [
                {
                    "type": "cok_yazar_diger",
                    "authorCount": 3,
                    "addedAt": 1764877447875
                },
                {
                    "type": "iki_yazar_baslica",
                    "authorCount": 2,
                    "addedAt": 1764877456333
                },
                {
                    "type": "iki_yazar_ikinci",
                    "authorCount": 2,
                    "addedAt": 1764877460573
                }
            ]
        },
        {
            "id": "1a-q2",
            "count": 0,
            "checked": false,
            "publications": []
        },
        {
            "id": "1a-q3",
            "count": 0,
            "checked": false,
            "publications": []
        },
        {
            "id": "1a-q4",
            "count": 0,
            "checked": false,
            "publications": []
        },
        {
            "id": "1b",
            "count": 0,
            "checked": false,
            "publications": null
        },
        {
            "id": "1c",
            "count": 0,
            "checked": false,
            "publications": null
        },
        {
            "id": "1d",
            "count": 0,
            "checked": false,
            "publications": null
        },
        {
            "id": "1e",
            "count": 0,
            "checked": false,
            "publications": null
        },
        {
            "id": "2a",
            "count": 5,
            "checked": false,
            "publications": null
        },
        {
            "id": "2b",
            "count": 0,
            "checked": false,
            "publications": null
        },
        {
            "id": "2c",
            "count": 0,
            "checked": false,
            "publications": null
        },
        {
            "id": "3a",
            "count": 0,
            "checked": false,
            "publications": null
        },
        {
            "id": "3b",
            "count": 0,
            "checked": false,
            "publications": null
        },
        {
            "id": "3c",
            "count": 0,
            "checked": false,
            "publications": null
        },
        {
            "id": "3d",
            "count": 0,
            "checked": false,
            "publications": null
        },
        {
            "id": "3e",
            "count": 0,
            "checked": false,
            "publications": null
        },
        {
            "id": "3f",
            "count": 0,
            "checked": false,
            "publications": null
        },
        {
            "id": "3g",
            "count": 0,
            "checked": false,
            "publications": null
        },
        {
            "id": "3h",
            "count": 0,
            "checked": false,
            "publications": null
        },
        {
            "id": "3i",
            "count": 0,
            "checked": false,
            "publications": null
        },
        {
            "id": "3j",
            "count": 0,
            "checked": false,
            "publications": null
        },
        {
            "id": "4a",
            "count": 0,
            "checked": false,
            "publications": null
        },
        {
            "id": "4b",
            "count": 0,
            "checked": false,
            "publications": null
        },
        {
            "id": "4c",
            "count": 0,
            "checked": false,
            "publications": null
        },
        {
            "id": "4d",
            "count": 0,
            "checked": false,
            "publications": null
        },
        {
            "id": "5a",
            "count": 0,
            "checked": false,
            "publications": null
        },
        {
            "id": "5b",
            "count": 0,
            "checked": false,
            "publications": null
        },
        {
            "id": "5c",
            "count": 0,
            "checked": false,
            "publications": null
        },
        {
            "id": "5d",
            "count": 0,
            "checked": false,
            "publications": null
        },
        {
            "id": "6a",
            "count": 0,
            "checked": false,
            "publications": null
        },
        {
            "id": "6b",
            "count": 0,
            "checked": false,
            "publications": null
        },
        {
            "id": "7a-koordinator",
            "count": 0,
            "checked": false,
            "publications": null
        },
        {
            "id": "7a-arastirmaci",
            "count": 0,
            "checked": false,
            "publications": null
        },
        {
            "id": "7a-danismani",
            "count": 0,
            "checked": false,
            "publications": null
        },
        {
            "id": "7b",
            "count": 0,
            "checked": false,
            "publications": null
        },
        {
            "id": "7c",
            "count": 0,
            "checked": false,
            "publications": null
        },
        {
            "id": "7d",
            "count": 0,
            "checked": false,
            "publications": null
        },
        {
            "id": "8a",
            "count": 0,
            "checked": false,
            "publications": null
        },
        {
            "id": "8b",
            "count": 0,
            "checked": false,
            "publications": null
        },
        {
            "id": "9a",
            "count": 0,
            "checked": false,
            "publications": null
        },
        {
            "id": "9b",
            "count": 0,
            "checked": false,
            "publications": null
        },
        {
            "id": "10a",
            "count": 0,
            "checked": false,
            "publications": null
        },
        {
            "id": "10b",
            "count": 0,
            "checked": false,
            "publications": null
        },
        {
            "id": "10c",
            "count": 0,
            "checked": false,
            "publications": null
        },
        {
            "id": "10d",
            "count": 0,
            "checked": false,
            "publications": null
        },
        {
            "id": "11a",
            "count": 0,
            "checked": false,
            "publications": null
        },
        {
            "id": "11b",
            "count": 0,
            "checked": false,
            "publications": null
        },
        {
            "id": "11c",
            "count": 0,
            "checked": false,
            "publications": null
        },
        {
            "id": "11d",
            "count": 0,
            "checked": false,
            "publications": null
        },
        {
            "id": "11e",
            "count": 0,
            "checked": false,
            "publications": null
        },
        {
            "id": "11f",
            "count": 0,
            "checked": false,
            "publications": null
        },
        {
            "id": "12a",
            "count": 0,
            "checked": false,
            "publications": null
        },
        {
            "id": "12b",
            "count": 0,
            "checked": false,
            "publications": null
        },
        {
            "id": "12c",
            "count": 0,
            "checked": false,
            "publications": null
        },
        {
            "id": "13a",
            "count": 0,
            "checked": false,
            "publications": null
        },
        {
            "id": "13b",
            "count": 0,
            "checked": false,
            "publications": null
        }
    ],
    "achievements": [
        "first-step",
        "quarter",
        "halfway",
        "almost",
        "target",
        "all-reqs"
    ],
    "total_points": 94,
    "post_doc_points": 94
}